id;nom;nombre_personne;user_uuid
1;proactive Franc;4;a5a8b6da-3baa-45e7-a0f6-eed246fd4fc0
2;Gorgeous;6;28465cda-cf5f-415b-9fe2-9910249e9dac
3;navigating Grocery Executif;4;2dc99024-bf73-4001-af02-b1d8b1e49ad5
4;interface Configurable;6;4791bd9e-a288-463b-9d48-b6762ced48c7
5;b calculating Kids;4;f0af2f1a-551a-4ed7-b0d6-ab8f7626c84c
6;impactful asynchronous holistic;4;45cd3bdc-2a08-424c-a180-d9aaf672c5bd
7;c Borders Azerba√Ødjan;6;5b16d1a2-0daf-4bf4-8fa8-50e113b5b7aa
8;Analyste;6;74d00a93-2c31-4d37-bd9f-a9c9935a6669
9;du Pompe;4;4d49395a-0755-48a6-a7e5-690759d5d328
10;Rosiers a Generic;6;ebb4f280-44c9-4f38-9f55-5e50bbfde0d0
