id;title;description;user_uuid
1;Computer Handmade;Tools payment Tonga;9a3c08d8-2b14-46bf-a5fe-657f6dc4f97f
2;a calculate Oberkampf;Saudi a USB;1fc4bfcc-308b-47dc-a4c6-58ba6a4aea14
3;access Movies;invoice;35806135-7ba8-4681-86eb-74708f2324bf
4;frame web-readiness Czech;Virtual;0cb0f88c-211f-4f85-a624-97aa533ccf18
5;virtual bypass;Enhanced circuit;e04c54cf-da22-44a3-b179-c5a52438df13
6;Beauty;Small navigate Tools;445e7e0a-e36e-4878-8f5e-d95897e1a7ec
7;Soft Towels;Administrateur;d2d2ae73-8ee1-4079-814c-87be3c66f240
8;connect Samoa;Games;e546d0c1-ef5c-4dc9-9aa0-a58e019e5642
9;c Mouse;Lepic;8c7f8814-62e0-42a4-820f-520c76b832ba
10;Multi-tiered withdrawal Berkshire;Cambridgeshire capacitor;54047d56-e7c5-4f68-baf7-ebe28b1d2ff3
