id;titre;description;status_tache
1;Chips;transmitting neural Future-proofed;EXECUTION
2;override;PNG Polarised payment;ATTENTE
3;interfaces;Virtual;EXECUTION
4;project interface;local Incredible Aquitaine;COURS
5;Avon USB primary;strategic Lorraine pixel;COURS
6;embrace maroon Cambridgeshire;transition Developpeur;ATTENTE
7;Assistant Norwegian cross-platform;Chips Agent;TERMINER
8;Incredible alarm deploy;Superviseur;ATTENTE
9;de;Garden;ATTENTE
10;Rh√¥ne-Alpes tan b;homogeneous Handmade;ATTENTE
